<?xml version = "1.0"?>
<class>
   <student rollno = "16sw81">
      <firstname>Vijay</firstname>
      <lastname>Kumar</lastname>
      <nickname>Soni</nickname>
      <marks>95</marks>
   </student>
   
   <student rollno = "16sw27">
      <firstname>Saad</firstname>
      <lastname>jatt</lastname>
      <nickname>Saady</nickname>
      <marks>82</marks>
   </student>
   
   <student rollno = "16sw41">
      <firstname>Yousha</firstname>
      <lastname>Arif</lastname>
      <nickname>Yoush</nickname>
      <marks>90</marks>
   </student>
</class>
